pdb_name,DockQ_DiffPepDock,RMSD_DiffPepDock,CA_RMSD_DiffPepDock,DockQ_ADCP,RMSD_ADCP,DockQ_FlexPepDock,RMSD_FlexPepDock,DockQ_AF2,RMSD_AF2,DockQ_DiffDockPP,RMSD_DiffDockPP,DockQ_AF3_MSA,RMSD_AF3_MSA,CA_RMSD_AF3_MSA,target_CA_RMSD_AF3_MSA,runtime_AF3_MSA,DockQ_AF3_template,RMSD_AF3_template,CA_RMSD_AF3_template,target_CA_RMSD_AF3_template,runtime_AF3_template,DockQ_AF3_template_MSA,RMSD_AF3_template_MSA,CA_RMSD_AF3_template_MSA,target_CA_RMSD_AF3_template_MSA,runtime_AF3_template_MSA,DockQ_AF3,RMSD_AF3,ss_type
A_7U09_2.1,0.2607899868469758,9.008812837759647,9.058347,0.372,7.38,0.103,9.2,0.1407955073180052,12.205925972688982,0.521,8.62,0.6774351918162006,4.633053041325057,4.890953,0.899455,3484.551,0.7617533494964777,4.234450302810893,4.528493,0.573237,148.411,0.7890311496301758,3.823792676049536,4.144654,0.547639,157.833,0.5756336495643022,4.4205238932362665,loop
A_7U0A_1.7,0.6094949145384175,3.4974547552961,3.453317,0.107,14.05,0.243,9.87,0.3678134362035689,5.5912213874550165,0.367,8.97,0.6026340698901163,4.744090926036907,5.059495,0.75964,3470.976,0.154462003537723,12.790027599739703,13.037739,0.640854,148.904,0.9631759282135892,0.7172912990508586,0.688478,0.79453,157.242,0.0191846268768399,38.30602572837091,helix
A_7UFO_1.8,0.923393351448724,1.493372455957438,1.166723,0.129,15.61,0.095,10.99,0.8373853516870025,2.969405803094527,0.448,9.16,0.8224190057888306,4.183411446545698,4.124231,3.797522,3454.934,0.8840691732474215,2.2127755856315656,2.009744,0.405217,148.581,0.8143339456644015,4.823244814413712,4.788506,4.102538,157.315,0.739532446395661,6.151586834284857,loop
A_7UFQ_2.3,0.8567915249109149,2.0644631812737204,1.954778,0.314,13.39,0.08,9.38,0.3678904130463237,8.241668121851255,0.395,8.57,0.8226829234039763,4.5028810652002,4.465418,3.885235,3423.314,0.9599201176176648,0.7789578955391402,0.716377,0.460726,147.527,0.8486221578013805,4.368827590597598,4.342632,3.973411,154.631,0.7590809436421223,4.932921949524621,loop
A_7UJV_1.8,0.9058037303566084,1.4928763033092936,1.528596,0.265,6.38,0.19,7.568,0.7580413375893059,2.6617415265675497,0.801,1.037,0.6861373564123544,3.273953563279308,3.273885,1.272852,1587.01,0.7498214348871773,2.246293554292418,2.262081,1.017544,67.528,0.8207217104826756,2.3146235021017856,2.406975,0.497723,66.825,0.0344499035370223,32.11872050738089,loop
A_7Z6F_1.65,0.5713468607739269,4.449529505799204,4.638878,0.099,16.99,0.258,4.685,0.6225950557241534,3.9633444671431697,0.259,7.436,0.1682231759257882,12.837567675349298,12.867923,0.946072,4541.574,0.3604025517699883,7.6958883363761235,7.706561,0.260325,317.499,0.2047539851373289,11.012499787543154,10.945342,0.526862,342.897,0.0224733208359933,32.971732006233545,loop
A_8DGU_1.89,0.7415366542504899,2.9721440696995414,3.059323,0.251,9.97,0.203,11.05,0.2566232465405159,9.158930452650113,0.344,9.02,0.1138404566804694,18.7682817832877,18.520897,12.063983,3531.504,0.9115780386977472,1.653208250400831,1.649933,1.042301,143.284,0.1396517092241772,15.98611351672753,16.273828,1.226638,154.503,0.1289113827386596,16.453108571589954,helix
A_8DGV_2.3,0.3818251049903696,6.581895502226942,6.542309,0.184,11.96,0.141,10.29,0.7252627834849461,5.563647510212414,0.442,8.81,0.7532739853666023,3.1986042902918794,3.336084,1.144638,3476.19,0.7671517883291635,3.0472981042338194,3.33753,0.707597,144.912,0.7688032738642244,3.268373127029938,3.53034,0.934597,153.843,0.706003061224466,7.24436670442357,helix
B_7QTW_1.41,0.5527080295200034,5.030124108458096,5.056645,0.117,19.41,0.143,10.279,0.548661029821597,6.06687075293109,0.04,24.378,0.4359270185736514,9.548704195523918,9.361624,3.401398,1590.027,0.6450962077684549,4.022060087613216,4.064953,3.487037,63.694,0.565258228026081,5.626921116786163,5.549016,3.165292,63.105,0.0239139314573912,32.69991447067574,helix
B_7QTX_2.12,0.7314655863740285,2.853696921644881,2.754929,0.061,18.56,0.173,8.375,0.747745785339704,1.948737395944998,0.687,1.98,0.7962334981523874,2.153832962289174,2.101475,2.105945,1487.909,0.8482542103807026,1.7404630575404598,1.795983,1.33449,63.625,0.7802434021096655,1.9810186690288951,2.051693,1.458537,63.221,0.0563996101726165,23.63653374628062,helix
B_7QWV_2.26,0.8212003618278203,2.102686486669453,1.914833,0.251,11.18,0.149,9.802,0.7754977105124014,2.4492544168555312,0.061,19.842,0.1523647367711446,13.823396525597689,13.906382,2.336348,1618.986,0.8192963325819055,1.5880899389470915,1.576683,1.382169,62.209,0.1581169293805961,13.377879028387762,13.671073,1.829495,61.981,0.0487807724163921,26.4974417741207,helix
B_7R1V_2.5,0.336642070473699,7.325728334014257,7.38551,0.095,10.8,0.1,13.782,0.0799203511545037,20.9284788459802,0.055,21.104,0.3870546497557716,8.751695871860775,8.973248,1.352633,2627.655,0.6361297217446312,4.102516048941641,4.119407,0.419694,141.943,0.4072297606370911,8.369382802158992,8.55224,0.942804,150.261,0.0528649219831178,25.790712160392825,loop
B_7UCX_1.72,0.2573407213580261,8.155878702700017,8.312305,0.438,15.32,0.172,10.89,0.3483951626908082,9.856020577241155,0.406,9.25,0.8831326403108349,3.159484155916464,3.114024,2.361986,3391.7,0.6836538884490516,3.736648296306021,3.627427,0.707798,143.085,0.2649916417010416,9.118075854837636,9.232765,3.059976,153.422,0.6455697595498077,6.0735342878100536,loop
B_7UI8_2.37,0.3176154826395855,8.229566678514582,8.309516,0.112,12.29,0.259,4.649,0.8436418721808455,1.2126107446151102,0.189,10.129,0.7536758140774733,2.4937994980427995,2.623407,1.306425,1657.397,0.7561322752351908,2.978659620984697,3.083868,0.424366,61.906,0.7246121490152553,2.542585087809924,2.59134,1.465073,61.876,0.3402826077334307,7.191475208455365,loop
B_7UJR_1.95,0.4980700892024338,5.49934634079079,5.512019,0.078,10.25,0.155,9.401,0.2471335543567621,9.260353939544483,0.134,12.03,0.7669105476788202,2.426266125970227,2.439805,1.579454,4731.333,0.288462461695801,9.526481260929648,9.439972,1.282226,141.108,0.8162444873988456,1.925542560986412,1.936742,1.681102,150.119,0.0511927554074541,20.597035191961933,loop
B_7UJT_2.1,0.3614870889849657,7.158712504791439,7.092226,0.061,7.43,0.155,9.421,0.4729761723597196,8.808804433802496,0.207,8.386,0.7821424318974683,2.67291293145204,2.474788,1.115518,4638.959,0.8337423017727792,2.3266644857072127,2.160641,0.730603,139.647,0.7980322233202783,2.632890468088154,2.399018,1.125586,149.424,0.0772091883209092,18.159575008511244,loop
B_7UM3_2.4,0.3068934909730221,8.335721500247445,8.48281,0.091,13.86,0.197,10.87,0.2795619065805679,10.351210378739852,0.399,9.29,0.176795156804603,11.989822522298274,12.077351,1.292204,3350.423,0.285534591356825,8.622290955211664,8.799529,0.757602,144.5,0.2702913091169952,8.888610790458825,9.052408,1.0556,155.965,0.1431506457471043,13.742664946936236,loop
B_7UXI_2.07,0.148777219342322,12.65753379189247,12.506883,0.42,10.73,0.093,15.685,0.7171063469895715,3.0382669729485565,0.023,34.356,0.0363400003664806,26.62842017632396,26.604029,3.45693,6325.518,0.6910975825844378,3.433075400147261,3.219213,1.439118,141.543,0.888078883071632,1.5243530468226727,1.388139,1.55635,151.289,0.0684304622241594,28.37020206342361,helix
B_7UXN_1.36,0.3171695141066124,7.476244811263109,7.466516,0.343,13.67,0.15,9.759,0.1901984797095877,12.566711299618596,0.127,12.512,0.2158550937475946,9.86740266052843,9.782583,0.429597,1707.828,0.2559227318942831,9.731338960462908,9.501071,0.358169,61.611,0.2134931861958845,9.978124377188715,9.877397,0.394189,68.236,0.0574061936998654,24.502657376412447,helix
B_7UXO_2.25,0.2298569591614109,10.025339764222569,10.407081,0.402,20.45,0.273,4.219,0.6818615500626111,3.0160104772046794,0.142,11.188,0.6014446341128225,4.192702330906838,4.078468,2.012535,1638.59,0.7445201375266636,2.6612798378369007,2.627125,2.544907,60.71,0.6308403013334857,3.917072268377303,3.786693,2.913713,62.615,0.0435688726413402,23.623912322018924,helix
B_7WJH_1.7,0.6071705376010069,4.327265786499798,4.356563,0.178,10.34,0.138,10.512,0.5357549221608386,5.343626614757923,0.97,1.229,0.538232664637244,5.798670359823408,5.805931,2.280233,1586.273,0.5605329508519336,4.828971564383964,4.838874,1.363948,62.668,0.541107210558137,5.70542827259108,5.706156,1.718487,62.972,0.0340226093087565,30.54823582326912,helix
B_7WMH_1.97,0.9168197956148748,1.400767031394708,0.86703,0.123,9.42,0.14,12.529,0.9286312595974152,1.0891110420479324,0.655,0.608,0.9312441701914578,1.2030462399119324,1.070326,1.863643,1800.908,0.9332156334952464,1.1014553782890035,0.853535,1.735725,63.447,0.9339854018976608,1.1013986058552214,0.978596,1.811722,69.854,0.3084512575919813,13.635076949942071,helix
B_7XPK_1.8,0.3304224067661727,7.379834503275509,7.345728,0.214,9.86,0.171,8.456,0.8541711267205936,1.5312262293209695,0.072,17.843,0.6614143598184367,4.33396388625859,4.26121,2.609576,1596.47,0.6831893083872668,4.103391338509628,3.962004,1.152047,62.471,0.6545771557140834,4.461019544557724,4.2288,2.072591,62.922,0.0566608888046139,21.06729428607863,loop
B_7XV0_1.5,0.2069117465584313,9.183251350372498,9.394128,0.135,13.02,0.109,12.723,0.16588478528247,13.761377913151309,0.266,6.819,0.1317643201050412,16.23353792484798,16.290508,0.968622,1565.358,0.1801027955782662,16.312268285248777,16.218531,1.045618,61.581,0.1846642283617081,17.02541442328287,17.01445,1.003041,61.308,0.1862034209218142,9.384410966568606,loop
B_7XV4_1.6,0.3057622308533518,7.860745301346796,8.019554,0.186,16.63,0.156,9.656,0.1736573676825787,13.108127578363437,0.133,12.368,0.7248101438169621,3.4547842987071493,3.533506,0.621895,1663.279,0.1169683836015798,15.086404144396882,14.89127,0.500237,61.13,0.6983249551348168,3.5222863156911,3.589555,0.600803,61.326,0.0770256912769046,16.423701334061143,helix
B_7XVA_1.86,0.0843119347874898,19.45401974394322,19.277918,0.424,5.96,0.305,2.741,0.4839612128935416,5.134478221688438,0.06,20.06,0.5884147135102601,3.823827424068989,3.783044,1.582149,1782.336,0.0612045730809133,23.33551469482772,22.945195,3.019045,64.625,0.601955222174817,3.399377415136714,3.354422,1.661532,67.963,0.1368212466732598,10.403497499498034,helix
B_7YB8_1.98,0.9474691924934676,0.8039988726480951,0.692675,0.305,8.77,0.192,9.3,0.6603830217537826,3.5782895038812463,0.675,1.642,0.9583879106677388,0.9265747890047014,0.8643,0.562632,3474.262,0.0887458964599042,18.42471685285437,18.546598,0.399263,145.655,0.9654404025193936,0.9069020859383008,0.756559,0.237045,152.156,0.062367952167334,19.0659443396124,loop
B_7YB9_1.54,0.94120704107898,0.9417479243707813,1.006889,0.037,10.34,0.083,9.58,0.4829642718605446,5.273464224790821,0.084,16.114,0.961762144498518,0.8088294201283355,0.785713,0.412404,3471.835,0.1179489212355383,15.582166658679494,15.530096,1.024439,144.967,0.9580639684151514,1.2285318675110497,1.085691,0.352211,151.862,0.0714552759313026,17.937021447745543,loop
B_7YBB_1.68,0.9280072143766628,1.3606958804741054,1.523204,0.138,13.45,0.193,10.47,0.603304285264131,4.25932013119554,0.977,0.846,0.9753803947337344,0.5630792590423851,0.516401,0.335647,3478.211,0.0925169437333139,18.471469725512627,18.603022,0.388791,146.062,0.9490755605733072,1.2207706795543534,1.129096,0.289768,152.727,0.0636164605728453,18.881545301082063,loop
B_7YBC_1.84,0.9518917398117214,0.853028042492201,0.733289,0.161,19.95,0.151,10.37,0.5968999302416865,4.493104431630707,0.877,0.6,0.973694012683397,0.508759611436269,0.441241,0.461335,3486.539,0.0966973802449529,18.3783403447089,18.517751,0.444095,144.866,0.9601473321845538,0.9965685408906124,0.906508,0.363271,152.308,0.0635010345230144,18.919618530298948,loop
B_7YG3_1.5,0.93462498682439,1.1237091382152613,1.137708,0.475,9.18,0.135,10.594,0.9521890613084394,0.6120640445584435,0.658,0.597,0.9928400796235072,0.4877283517889024,0.290872,0.547589,2112.344,0.9882857329041236,0.4719555848443137,0.428495,0.535721,141.488,0.9948114986489835,0.4525201586365633,0.24192,0.407437,150.253,0.0129387475650745,47.88393969135861,loop
B_7Z7C_1.22,0.4063382010001586,6.121591160824744,6.182281,0.431,14.65,0.135,10.723,0.420648451233941,6.132630982222538,0.08,16.386,0.1412538381812344,12.424976608564158,12.664487,2.475911,3022.947,0.2001293555323046,10.498131655973728,10.636679,2.40756,63.062,0.1399857300509782,13.161285365951908,13.300776,2.415679,68.175,0.1081399657223242,17.54964983713557,helix
B_7ZPY_1.9,0.9728384413930954,0.6293331569108002,0.377278,0.326,9.55,0.125,11.291,0.9323076401740616,0.5916168744891134,0.051,22.597,0.9475559371758244,0.6588886370078987,0.632741,2.887419,3054.148,0.9796769337863273,0.383502597039716,0.286566,2.544842,148.022,0.9757821030344026,0.4015124612646398,0.379413,2.653888,158.8,0.0106715384939165,49.389120557995234,helix
B_7ZRQ_1.68,0.8697148057445275,1.951331541915244,1.846554,0.288,8.99,0.216,10.67,0.7854080425493969,1.3433552866163148,0.433,3.467,0.780513057310268,1.3699531472716766,1.304141,1.878781,1814.24,0.7707745543915183,1.366313050062926,1.316506,1.801593,61.277,0.7852051096504447,1.4167455724072864,1.343966,1.83075,67.149,0.3863350044940794,6.795512402172464,helix
B_7ZTL_1.9,0.2840709560689062,7.097093090351592,7.348362,0.297,16.64,0.105,17.465,0.0167128123525092,40.4390103482109,0.07,17.855,0.0170604628137224,40.10601659694348,39.971969,1.511395,5154.326,0.1010310614130492,16.290123491625096,16.105971,1.100121,140.091,0.0173175040118403,39.79914476252128,39.67394,1.342633,150.905,0.0156902406503017,41.42727633718975,helix
B_8A3J_2.1,0.7533347147294545,2.794540071821838,2.838006,0.224,12.45,0.152,9.09,0.2205714915247183,25.348290375940863,0.501,8.91,0.89295397983894,1.0057371014484646,0.668149,0.530618,2599.678,0.8974469964697861,1.0238474351858962,0.695045,0.5128,60.832,0.8940051415651357,0.9952477650520906,0.658801,0.527824,59.953,0.9090693891178776,0.7401581488989697,helix
B_8AAA_1.9,0.2417997234215706,9.47007085511002,9.310779,0.104,12.9,0.109,12.558,0.0241727337111094,33.42934049316072,0.064,19.388,0.0147828912316242,43.63899635763891,43.909824,3.783723,1791.804,0.6906995078736751,3.2671740975471124,3.115626,0.345031,62.723,0.0145427330085928,44.01854686187269,44.112289,3.244664,68.565,0.014730783376536,43.39581288888093,loop
B_8BF1_1.36,0.962447697506558,0.7185324916499999,0.725468,0.274,9.05,0.174,8.36,0.9738499871464475,0.6821214828539074,0.643,0.868,0.9052881090011384,1.7958087094452029,1.886365,1.044067,2020.656,0.8839577467300935,1.7097076708536076,1.841644,1.336124,139.796,0.8996745624176447,1.8093026159742347,1.895493,0.977463,144.807,0.0144977793811013,43.711420502652736,helix
B_8BY5_1.73,0.7439606875296004,3.058802520005901,3.115256,0.229,14.25,0.331,1.268,0.9002125569641919,0.8214955412425793,0.038,26.211,0.8624691383177426,0.6756632303072273,0.695776,1.32952,1663.057,0.8158976947276718,2.142951082070326,2.121465,0.55694,63.699,0.8388610692303716,1.1189738621495655,1.062459,0.67193,63.692,0.0302522574983615,29.87430638741101,helix
B_8CK5_2.1,0.941043479799165,1.1218458835999443,0.925149,0.279,6.76,0.144,13.614,0.9237887384412216,1.2048550985200328,0.635,1.038,0.9594286168191768,0.917248515580422,0.386668,0.749983,1802.917,0.9757788290035978,0.800311770634317,0.301306,0.728081,65.292,0.9739043757409972,0.8369827455983361,0.309545,0.729636,68.983,0.0514264286220332,28.61448669602433,helix
B_8CKC_2.1,0.9554349175210736,1.0596931519915889,0.663317,0.419,11.0,0.159,9.531,0.8474917557718035,1.1637452685365466,0.631,1.031,0.96499052420271,0.9328720112128736,0.305767,0.544569,1804.016,0.9590754685691396,0.9375411533224162,0.397847,0.48027,65.105,0.9647185044149866,1.0468880439059547,0.383899,0.456613,69.733,0.0337983320764869,32.28185550088591,loop
B_8OP0_1.54,0.1494974727817603,15.431782245070636,15.43233,0.259,9.71,0.164,9.197,0.044781179558408,24.42803575124416,0.086,16.128,0.4992631878767828,5.577632593812764,5.584386,1.449121,1592.116,0.8739830822240929,1.8065820039053628,1.953096,0.8609,62.015,0.6013344129071642,3.472175020702391,3.228696,1.401039,62.843,0.0407837307719598,24.59291227627415,loop
B_8SIU_1.8,0.509156632633412,5.109548956566595,5.150166,0.357,14.15,0.099,13.568,0.8433087311320437,1.2015987199522673,0.023,33.881,0.8449336141301454,1.158087038594987,1.250522,1.463535,2630.336,0.6814279450946635,3.235157714751708,2.986939,1.306329,143.507,0.878686998160525,0.9475797117192752,1.04431,1.329012,143.631,0.3431130061351006,6.102699250958613,loop
C_7QUV_1.85,0.098643671978812,23.12090558986999,22.783751,0.327,12.32,0.218,10.94,0.0325005019534574,28.14199320255693,0.363,7.98,0.0363943521854848,26.436725754419104,26.477217,0.957473,3141.637,0.0363852273916768,26.473557048855568,26.700688,0.392136,63.807,0.0257664030486107,32.40662773171316,32.330898,0.425934,64.468,0.0805236102662531,22.42350670359756,loop
C_7TRB_2.15,0.9334661167678996,0.909763562538754,0.724198,0.18,10.3,0.137,11.561,0.9321232994733952,0.7534252506444278,0.627,1.339,0.9031039180491152,0.8675848997734633,0.708094,1.831852,1797.151,0.9541514668364678,0.6959743175055703,0.652787,1.317546,64.027,0.9299228585803712,0.8684417751658391,0.654287,1.83599,68.86,0.0707086709173482,21.02068598104133,helix
C_7TZK_1.43,0.3953405221327129,6.590928810512655,6.558781,0.282,12.6,0.197,7.85,0.622395772599175,5.609249442987864,0.061,18.977,0.9607944870568832,1.0361385411215909,0.984371,1.59882,1448.059,0.5296100096588153,6.152872827779778,5.879157,1.824276,59.156,0.9206405367244485,1.361920126321542,0.836603,1.50985,60.811,0.1209722161904286,16.312683494188672,loop
C_7U1R_1.8,0.9373500922419952,0.8780179354801285,0.819859,0.487,9.23,0.097,13.764,0.9192775880471048,1.7292269941323608,0.659,0.558,0.9363757915516756,0.9122686072402412,0.930794,0.442237,2107.497,0.9494535528919088,0.8600938429999634,0.855174,0.276627,140.774,0.9385727097163966,0.9625082436741128,0.983936,0.42575,149.716,0.0592011659766065,21.978561976402464,loop
C_7U21_1.9,0.9502871209704632,0.7266628875109193,0.643873,0.19,8.79,0.11,12.483,0.9239914253261606,2.001561442777004,0.664,0.323,0.9409759121608912,0.8791608427556904,0.869261,1.4634,2114.696,0.9445782875666234,0.6878158537363929,0.709464,0.872121,139.628,0.9504693210084072,0.7878429821451935,0.787769,1.284872,149.418,0.0096399615784909,54.88475839274776,loop
C_7UC5_1.95,0.97239284714531,1.0988825490171013,0.892455,0.185,12.81,0.093,14.391,0.9559624068035528,1.0455093902887007,0.663,0.372,0.9106419005710348,1.8511748160647687,1.845371,1.733463,2106.275,0.9684295488671468,0.9029101401073945,0.809897,1.390257,140.47,0.9640729295829936,1.0182559374894158,0.874599,1.481291,149.473,0.0119845325740729,49.66635165872035,loop
C_7UJQ_2.25,0.9081607314832852,1.6152452978205347,1.394344,0.215,22.15,0.163,8.976,0.3448504242088017,7.604319989574117,0.389,6.534,0.8832698734930164,1.5911461639344493,1.665397,0.818669,4632.176,0.3201252346204899,8.097489752827972,8.231127,0.675337,141.169,0.8457201577262538,1.5849609106382991,1.54,1.247105,149.66,0.0524322093427474,30.99199351621923,loop
C_7UM2_1.63,0.8782622650714035,1.8168264907854104,1.642009,0.103,13.81,0.097,13.79,0.864183273045222,2.54092785254198,0.628,1.337,0.8647233680368004,1.8654347186208824,1.720048,0.903099,2113.556,0.8834769752993719,1.6916196638069942,1.53405,0.626419,140.611,0.8712720284203379,1.9502982202269392,1.813098,0.478601,149.481,0.0836579890769739,15.233510815054656,loop
C_7UR1_2.17,0.9610802324720398,1.2050057412639936,1.259261,0.01,13.73,0.094,14.037,0.8824485614188777,1.6997472883770377,0.663,0.377,0.8813653140234786,2.3655163194492164,2.451055,0.743077,2098.979,0.8579210287492965,2.389223852503278,2.414712,0.3386,141.067,0.8751246878618718,2.271980579132032,2.366816,0.542591,149.663,0.0110356228218317,51.76031347141534,loop
C_7UVA_1.98,0.2836440620836515,11.443424848699994,11.670789,0.359,7.29,0.167,8.71,0.2557729630860187,9.414531135190552,0.097,15.323,0.271421688952203,9.654440575336798,9.985958,1.159905,2280.865,0.2491706032049679,12.652183583307457,12.954718,0.20651,144.015,0.152343838118624,13.233091686230088,13.411675,0.244198,145.183,0.0353560631204198,25.55332031392498,loop
C_7UYJ_2.32,0.1365287486140095,14.259372522430848,13.948516,0.138,14.8,0.143,10.228,0.2650950431043516,10.88965713072488,0.164,10.744,0.2289854613467854,14.442921490212756,14.664493,0.911913,1604.97,0.2310919528266262,12.392383607686885,12.892269,0.739473,62.907,0.2322131517794342,14.15455541807385,14.371233,0.866364,62.758,0.0440152934403266,22.93623492614505,helix
C_7WKJ_1.5,0.9349069889189916,0.7308948790263623,0.828292,0.389,12.18,0.119,11.772,0.9463896929941726,0.7126617110561531,0.828,0.488,0.8845953367283457,1.6060748290494895,1.727211,1.584479,2118.078,0.907010640101788,1.5719151708527064,1.700764,1.726213,139.89,0.958254343326867,1.2642439749810526,1.181245,2.111536,150.331,0.0146664882223282,42.30828917609187,loop
C_7WQQ_1.9,0.9669802071567796,0.8722841105875246,0.824999,0.01,9.94,0.147,11.437,0.9365840878106364,1.114771616116247,0.655,0.55,0.9656439416783394,0.7865537960227823,0.761739,1.559395,1804.263,0.9576764402766133,0.8128623073097339,0.778509,1.610938,64.528,0.9527151866089612,0.8294109580460176,0.81764,1.600971,69.908,0.2999649524167564,14.630725547707968,helix
C_7WZZ_1.31,0.9538186102570344,0.726858008300813,0.537168,0.119,6.59,0.09,14.685,0.9235386279824728,0.8803769764557031,0.656,0.684,0.9798427297038204,0.4406972830164153,0.260271,0.349435,2106.167,0.9881335913122908,0.4359586595673938,0.192155,0.270403,141.629,0.9818294179324816,0.4693995196652439,0.32516,0.27557,150.987,0.010302011458292,52.37755949715525,loop
C_7X00_1.45,0.9141502388473116,1.4586835667710931,1.272937,0.398,6.84,0.098,13.807,0.911436802527776,0.8941256599883065,0.656,0.674,0.9126346255689034,1.1630660022529329,1.056112,0.58701,2106.513,0.8914493872823108,1.4383538147671502,1.309253,0.382387,141.119,0.957246975415344,0.6649634937154904,0.482989,0.403129,150.276,0.0755548892335001,17.03020216025341,loop
C_7XF3_1.91,0.919249186956388,1.4896674721525662,1.667401,0.17,13.6,0.105,13.164,0.9531863479881414,0.5701317871008699,0.655,0.727,0.994176219019982,0.3369841719210946,0.315386,0.69253,2114.375,0.9912302036066768,0.6974101648432149,0.333453,0.196292,140.532,0.996783948611856,0.2758594112203555,0.254471,0.34122,149.753,0.0237214447597429,38.765863618326016,loop
C_7XVY_1.54,0.9408015958427116,1.3717560056709812,1.278892,0.439,12.09,0.125,13.524,0.8966782178509364,1.831903301221656,0.647,0.77,0.8798345010629521,1.8745203791921468,1.864568,1.452552,1621.251,0.9176654816909036,1.7405684514087874,1.878763,1.3873,63.349,0.8817224061274448,1.872026015393605,1.874362,1.45005,67.488,0.1053566644049965,18.646178590527057,helix
C_7XWP_1.92,0.8806229296004112,1.7131843050196125,1.7734,0.249,14.74,0.128,13.816,0.8776830070620488,1.8633332984071505,0.635,1.074,0.8638260062295773,1.898036327852692,1.971305,1.451707,1715.23,0.8781064709277154,1.7524549183756637,1.71788,1.392178,64.12,0.8635247289501288,1.887717346226432,1.950129,1.467267,68.556,0.1022153110676047,18.72090797646907,helix
C_7XWQ_1.89,0.9112464772668236,1.4909086671081118,1.51834,0.385,12.17,0.15,10.136,0.8831944998925519,1.849618679366357,0.644,0.84,0.8665472926395603,1.8960078569098724,1.935188,1.48257,1682.38,0.903173929296608,1.7544376536029918,1.94007,1.404213,64.167,0.8666772131988271,1.894171731974094,1.923554,1.468145,68.868,0.1035000608429729,18.732194582010663,helix
C_7XZR_2.26,0.2695729578574189,9.799298902922288,10.010805,0.154,5.75,0.148,10.519,0.7831249549076773,2.4107928128867884,0.139,11.139,0.1328433677801568,13.77138461696811,13.978097,4.050309,5152.049,0.3674198270285034,12.998630478219772,12.690102,1.405787,141.13,0.176780371010504,13.159982592067076,13.044708,1.938061,151.176,0.0594177929182896,21.43640486576264,strand
C_7YF2_1.69,0.1307176732799143,15.241153673507762,15.220504,0.241,17.26,0.151,9.537,0.1417225828072204,13.899995438828851,0.045,23.831,0.1527274466540761,14.968178416298096,15.144762,3.901471,2072.669,0.2202409773222645,12.853213348567316,12.665755,3.398349,140.075,0.1386741955395421,14.970111867265414,15.157824,3.746126,140.927,0.1572565150690895,10.594905583943742,loop
C_7YXD_2.3,0.947210759036207,1.092261879946146,0.840475,0.455,14.12,0.133,12.259,0.9310116684111014,1.3938972852526137,0.614,1.504,0.9292512039167468,1.3326442185794207,1.330416,1.082289,1846.131,0.939078204777288,1.2418609067664608,1.215898,1.009037,65.725,0.9320500699112334,1.3058861639354808,1.298595,1.066639,66.729,0.0401769723099549,24.413384195122656,helix
C_7ZAK_1.62,0.6193782910544535,4.064982464679404,4.148797,0.019,19.03,0.195,10.22,0.6375210054928548,3.531358889360971,0.41,9.09,0.9117055559327192,1.7021123272758196,1.725781,0.63259,3428.221,0.9472926850941557,1.1051626979216047,1.246688,0.398106,143.507,0.9191625475527604,1.647320723130423,1.66645,0.527377,153.814,0.0130362022826307,45.217193052267646,loop
C_7ZUC_1.89,0.971808912100833,0.8910021810498975,0.830423,0.063,12.23,0.137,10.45,0.9560649138885672,0.8327543074917214,0.661,0.499,0.9660729094316788,0.6855932825603913,0.542923,0.997933,2107.99,0.1488959228796795,17.315461830763024,17.533174,0.745144,140.852,0.968155127932452,0.6429925346893667,0.495992,0.917329,149.604,0.04377090636754,28.50645561052109,loop
C_8AED_1.17,0.6328479475554355,3.485763560511883,3.74579,0.176,12.75,0.179,8.229,0.3393189380018436,7.292944479740012,0.099,14.431,0.1082483689447421,15.787307295903044,15.761872,0.417156,2991.796,0.1016850989374702,18.372652736916045,18.453748,0.266845,63.507,0.1063081575118291,15.393905999418903,15.465412,0.35716,68.129,0.0088256901475887,56.23147817889544,helix
C_8AFR_2.15,0.8421650512770186,1.895389686627812,1.914724,0.326,16.35,0.169,8.802,0.7530698414038488,2.352983464339417,0.97,1.013,0.8830944264933969,1.3005588202580598,1.200038,0.826227,3913.247,0.8438751081165115,1.746114686617115,1.638772,1.230743,141.124,0.8260783937353864,1.616881869435489,1.465857,0.87279,150.484,0.040014461722978,27.315772020865897,loop
C_8AHS_2.48,0.0651325149699166,23.20306244044414,22.737049,0.357,12.65,0.212,9.24,0.074591624631457,22.558531299908854,0.053,21.353,0.5631863438430992,2.859346345670454,2.95905,1.889107,1755.555,0.0665925346163851,22.77967260504125,22.399789,1.198361,61.699,0.5572560834869117,2.8219979868772858,2.932454,1.941999,66.913,0.1569922168420046,14.031761392830411,helix
C_8AQM_2.3,0.9194175276541856,1.5081667493446724,1.503914,0.118,8.47,0.121,12.825,0.7251918864707751,2.49705789281276,0.531,2.807,0.742012360879151,1.929276416939889,1.94393,3.851079,1942.28,0.6869586137735152,2.8157844406471795,2.852603,3.804633,139.639,0.7374594332466868,2.3470842559840004,2.383418,3.906085,144.474,0.0714216978253242,17.061168662783594,helix
C_8B8W_1.86,0.944532700385599,0.6955170919757527,0.575747,0.135,6.18,0.12,12.081,0.5851485403756095,2.9859735092475046,0.475,3.143,0.5731722739456951,3.013057610703029,3.077313,2.657415,2003.185,0.5991313013948818,2.5543236740751385,2.638599,2.31353,140.196,0.5716051031377115,3.1543189710349013,3.22607,2.5777,144.813,0.0677144864699701,17.159696602202935,helix
C_8B8X_1.78,0.9164218125901012,1.1429795736416173,1.144574,0.08,8.5,0.104,13.404,0.604049770309583,2.657373931062001,0.512,2.614,0.6488297189492934,2.368380431682961,2.427533,1.965016,2012.991,0.6037261758368778,2.583961776976744,2.640946,2.631301,139.693,0.6472298118306372,2.400490701036188,2.462395,2.002541,144.396,0.015268945054039,40.809312120513766,helix
C_8B8Y_2.0,0.874701876816136,0.8728668790746923,0.876285,0.471,17.69,0.129,11.237,0.6407898208298303,1.9021708509764104,0.537,2.326,0.6397039387620528,1.4071305764278723,1.223162,2.668334,1929.584,0.2213906128027033,10.359924084260388,10.231275,3.610982,140.6,0.6557088940653509,1.108828127752237,0.986122,2.570395,144.711,0.0504924658597638,22.026277942483976,helix
C_8B8Z_2.22,0.903112482690964,0.768232826572942,0.766883,0.377,9.02,0.126,11.517,0.6214471328322201,1.1837978009744514,0.583,1.747,0.6669152464138115,0.6027751935980622,0.410852,2.223801,2008.241,0.2179778675645257,10.630267741698106,10.350185,3.108676,139.586,0.6673866307295372,0.8336284804749079,0.730769,2.220189,145.268,0.0752885922300552,16.097935142338784,helix
C_8B91_2.23,0.9397852108698164,0.828867322765834,0.895905,0.377,12.5,0.134,10.922,0.6802798506785442,0.9398550566335704,0.601,1.425,0.6787518968381939,0.9981662235725256,0.87096,2.260869,2004.545,0.2199382515504972,10.86055112847898,10.556628,1.977185,140.395,0.717625421910442,1.005606617023758,0.880774,2.113658,145.524,0.040004375135292,24.656279480265244,helix
C_8B92_1.66,0.8888472311494283,1.6941891761629748,1.75903,0.191,14.82,0.14,11.537,0.93778668722603,0.9771445315199712,0.597,1.796,0.935104105356942,1.5740777476977323,1.473074,1.51984,1959.183,0.9327965328709432,1.3333362096364223,1.22535,2.903109,141.867,0.9398844159622588,1.547606685663759,1.454771,1.460478,145.495,0.0223197924698867,36.19066866192328,helix
C_8B93_2.21,0.9483952931908878,1.0677981021019465,1.008587,0.073,16.71,0.166,10.101,0.7815135851407277,2.123693850147152,0.573,2.131,0.8487822988411576,2.2784926590071906,2.35801,1.313342,1931.234,0.0469753554729819,23.73402108185352,24.083623,2.803706,139.212,0.8494123474395617,2.304599070603618,2.409848,1.126543,143.604,0.0517094596267438,21.1205591955234,helix
C_8B94_1.55,0.889172172520568,0.9872653577057864,0.889756,0.44,13.06,0.138,10.68,0.6631252606347632,1.1703864127847683,0.624,1.249,0.6592982661876787,1.6732256610278913,1.592388,2.230747,2017.921,0.2121942687558491,10.534195501682351,10.308492,2.444104,139.961,0.6454526376332933,1.4984071467224858,1.40253,2.478337,143.915,0.0266500096443326,33.037755527491576,helix
C_8B95_1.72,0.9580338680947592,0.7500293249119292,0.712688,0.01,15.46,0.139,10.59,0.7030820488879567,1.993853310827016,0.548,2.36,0.6457258348821165,1.9376881471716003,1.770943,2.736328,2004.707,0.6758436483519411,1.8608213530094253,1.714755,4.030429,140.373,0.6547840060279438,1.883581038461236,1.730606,2.671306,145.113,0.0200627074312865,36.34047779961823,helix
C_8B9P_2.11,0.3000172858530021,8.16156560334558,8.411406,0.328,7.78,0.139,10.231,0.374447651895734,6.737594157877281,0.115,13.432,0.2062171008355245,11.66836695315654,11.613428,1.339783,3950.05,0.1177139870303568,14.989546420611935,14.944648,2.609981,317.315,0.1279834835222889,14.415453189926284,14.268489,2.561153,323.198,0.0157068085952266,40.57571565108158,loop
C_8CCZ_1.95,0.3403969664465803,7.097764470327865,7.053031,0.247,12.21,0.139,10.387,0.2664882903684258,8.72289028199093,0.062,19.176,0.6837640720581973,3.8174922695861424,3.782265,0.54702,2186.044,0.2204387528583463,14.62308878165564,14.700395,1.00145,140.217,0.6527778836149616,4.191826315947738,4.105505,0.447667,150.888,0.0232426735966383,33.449608584192525,loop
C_8CIR_1.85,0.2025753072572112,11.031820470060667,10.881428,0.092,10.62,0.099,15.613,0.0613796019443614,20.493854412317614,0.031,29.327,0.0776521189421331,19.025815821006333,19.255915,1.571529,2476.46,0.0500954609691223,22.896939455433365,22.831703,1.174937,143.375,0.0563020219509446,21.43894689873256,21.425809,1.727044,151.365,0.0690282253954702,18.627809628983776,loop
C_8CIS_1.52,0.5207873798731284,5.436117012024498,5.760317,0.373,12.14,0.11,12.764,0.5926098154925141,4.827301477187144,0.061,19.864,0.4307170438479839,9.110885618249831,9.552067,0.996607,2287.245,0.7022427007938586,4.0178686450611965,4.215263,0.948529,142.452,0.7293699863190284,3.9694785789208433,4.334491,0.929211,149.974,0.3463329488077808,19.310626019733164,loop
C_8CMB_1.84,0.9003764285804227,1.5169514061408218,1.603622,0.382,10.43,0.075,10.87,0.7848562183509173,2.541132746533869,0.535,8.25,0.9245323779997502,1.5190168414312828,1.715615,1.823323,3445.642,0.9684959338954752,0.5995500197040107,0.687796,0.591838,142.817,0.9259330303547764,1.534280414124356,1.731394,0.679162,152.81,0.0594985227973365,20.852552054277176,loop
C_8CMC_1.42,0.9630913478269452,0.9571884515513054,0.925135,0.463,6.72,0.098,9.36,0.9480184141586866,0.9480637257123852,0.502,7.52,0.9616166534472044,0.6252506196399246,0.64331,1.456558,3433.95,0.4117224472199264,6.783043288384103,6.823522,1.592843,143.258,0.9675566194040458,0.7115336543111421,0.665168,1.80772,152.959,0.0473740298232915,27.37200899450184,loop
C_8CME_2.26,0.8531896543051998,2.014017509942457,1.967984,0.288,9.37,0.083,9.99,0.9040435528080918,1.6346478187714897,0.411,8.11,0.879666009578043,2.1396936919944194,2.238466,1.493982,3362.323,0.6907203119834843,3.302557422447709,3.32026,1.152698,143.773,0.9414949408433704,1.5509405584367302,1.333136,0.67265,152.745,0.0464187456602175,33.218203193994405,loop
C_8CMF_2.2,0.8965613851630891,1.628355445099979,1.564072,0.037,16.68,0.143,9.41,0.9689445214200062,0.7100127469293095,0.494,9.03,0.964541920308624,0.6522071619242831,0.635006,0.589102,3583.506,0.9674235736838136,0.6146410726375308,0.610445,0.60372,144.321,0.9701307423402216,0.7171908232390978,0.673645,1.178148,156.189,0.0362650764325445,25.04987700350293,loop
C_8CMG_1.64,0.0797873006558101,27.66028160350897,27.643711,0.162,13.39,0.242,9.15,0.9451104770440896,1.3048942295536712,0.465,7.74,0.9814225594338734,0.4853407512563394,0.40156,0.836426,3424.828,0.9660918039950492,0.8949675316488797,0.806185,0.890346,143.627,0.9833586543041264,0.7632372517758632,0.636031,0.924857,152.746,0.0148073291294204,45.88707479032086,loop
C_8CMH_1.64,0.914264766451883,1.4800210528183508,1.621708,0.373,7.61,0.127,9.3,0.7675378601043453,3.099395895692367,0.513,8.43,0.9296116090243256,1.4955803667247,1.493691,1.627266,3411.112,0.90547800621033,1.966293051798068,1.910142,0.497999,142.766,0.935034712721088,1.2892348005071497,1.309188,0.69862,153.53,0.0314870504353282,37.65946563033655,loop
C_8CX4_2.2,0.9549793673865103,0.5076516442784483,0.51014,0.323,10.64,0.208,10.25,0.5587834566785767,4.177256643199104,0.494,9.28,0.7987902523132107,2.873253499166266,2.899656,4.307069,5713.869,0.2520328700167678,29.00124780301607,29.005688,30.004836,321.368,0.9425013909143724,1.4879507263495622,1.499184,1.805301,337.906,0.0324442890905854,56.999422721096,loop
C_8D35_1.9,0.9462029879190356,0.958940880076769,0.858195,0.198,11.42,0.107,13.58,0.1874911987693618,12.733281495952443,0.353,6.233,0.915586102430113,1.625913135206626,1.555221,0.811,3143.056,0.9378439585206776,1.5003221792795085,0.75285,0.540758,140.858,0.96578573393415,0.8239264630352332,0.672779,0.503531,149.171,0.0204437841162302,35.157673582288545,loop
C_8D47_2.0,0.2517877213342038,11.04712991931434,11.151805,0.356,14.03,0.072,10.62,0.3122404274569472,10.479531657825223,0.519,7.99,0.4730213045784361,8.89778024182882,8.64851,0.964286,3518.653,0.4970350512901926,8.47473988741818,8.23799,0.814019,144.573,0.4895519084021052,8.459845747507137,8.215959,0.709442,153.577,0.1801098065711597,13.453085743365262,helix
C_8D5J_1.95,0.9363254931671724,0.761419645092855,0.696855,0.44,9.09,0.13,9.41,0.945434896484649,1.028029132226757,0.648,0.93,0.943521271410671,1.1186382948305305,1.099384,1.89882,2122.977,0.9668477103722768,0.5964138995021964,0.521118,0.725396,140.441,0.965930499459214,0.7214891419904095,0.535013,0.843219,149.316,0.0140111748711145,43.77714218822881,loop
C_8D5K_2.07,0.9379691226680592,0.9530070428173292,1.010483,0.357,17.66,0.103,13.337,0.948957291045774,0.6847195658353906,0.663,0.422,0.93550453187687,1.1450045275795313,1.083373,1.481558,2115.96,0.9558718680538456,0.9114481462181824,0.801435,1.299128,141.435,0.9571358069424494,0.9492441879512916,0.816388,1.295296,149.891,0.0150843520479514,42.7187733365274,loop
C_8DKN_1.95,0.816623660108034,2.569831794274093,2.848269,0.274,11.45,0.14,11.988,0.6776447668161446,3.312661597486153,0.624,1.434,0.6323185173807854,5.6638645936910486,5.84713,4.554927,2011.286,0.6190550594627374,5.929891200639252,6.106448,5.760268,140.789,0.7147153599080188,5.123124901460305,5.2898,3.329364,145.201,0.1454842650700786,10.008363542165243,helix
C_8DKV_1.59,0.8484853948780539,1.984639316458496,2.047779,0.113,11.34,0.144,12.197,0.6851279275346437,3.514976146100008,0.577,2.343,0.6512818331178679,5.960796126685661,6.167188,3.568966,2014.186,0.6905296947983711,2.950028679826071,2.984622,4.470305,141.781,0.562442750197835,6.908874170980554,7.095281,4.370257,144.901,0.0325594239904642,27.87515514851122,helix
C_8DTU_2.45,0.1529509145334712,12.039767176002355,12.336339,0.405,15.92,0.141,11.353,0.0960830889641968,17.237943428332535,0.081,17.479,0.1660154264072879,15.602162509587764,15.877088,2.938666,1586.917,0.1124245827791346,20.29199922706332,20.687248,3.138929,61.44,0.1806083708538115,14.239844123513777,14.47004,2.701913,63.785,0.1192978516839386,16.34767458449646,strand
C_8EBB_1.88,0.3955101900924596,6.410761638587403,6.361352,0.325,13.75,0.187,7.679,0.1848801268822971,10.989308642770574,0.04,25.282,0.1522732075846846,13.65212934231972,13.434399,0.572186,1619.088,0.8199889090985839,1.936530140514468,1.952507,0.536965,61.944,0.9427987839230222,1.1141721793042885,0.91053,0.364682,61.896,0.056289018659992,24.440731128745696,loop
C_8EIR_2.49,0.9281534633042292,1.2762338932078336,0.89434,0.264,12.69,0.067,10.9,0.7192361583628126,2.739020311255908,0.348,7.36,0.9408133244100624,1.3405561949673106,1.138229,0.857222,3449.036,0.9517969054476948,1.1644162862914456,0.910085,0.790364,317.143,0.9512085285101688,1.1933381673423704,0.931256,0.810056,334.341,0.0203815139378824,36.38244552705737,loop
C_8ELG_1.65,0.8916400624750201,1.7605404481125606,1.783446,0.257,5.67,0.123,11.409,0.9569212211431782,0.7171610600868993,0.647,0.94,0.9689100888048308,0.6577469238070125,0.716012,0.357185,2108.619,0.9701755594841034,0.7010375271694332,0.616186,0.337755,140.385,0.8964452729439039,1.630857052170044,1.653979,0.434118,149.231,0.0232063396555139,33.53739964609214,loop
C_8ELH_1.85,0.8863943169740408,1.944026278384023,1.96738,0.265,11.97,0.121,11.615,0.934005792984515,0.6500391400200924,0.995,0.484,0.8908002169744998,1.5357731040091451,1.562285,0.474322,2103.548,0.9835640922536178,0.5268902606571626,0.443548,0.334307,140.97,0.8905515172517772,1.566372138265271,1.592303,0.398096,149.361,0.0140696563601926,44.154865190083264,loop
C_8ERX_2.07,0.9670396892717364,0.8583895726590629,0.865364,0.372,21.3,0.124,11.381,0.8321269936092553,1.956061039181768,0.664,0.342,0.8949287564759315,1.0169215346676277,0.815659,1.020466,2116.864,0.916813011033766,1.1171406022478705,0.961131,0.861136,141.165,0.8932553793172745,1.2070851730597771,1.138398,1.021947,149.783,0.0139436942908711,44.95027182174718,loop
C_8EV1_1.83,0.9162822942636104,1.509509390707262,1.034169,0.203,12.38,0.136,12.479,0.9119079764980246,0.6471859396049926,0.651,0.784,0.8940184580443783,0.713855256831685,0.681717,0.851574,1786.822,0.8895575779346306,0.7148481414048573,0.698049,0.754396,64.181,0.9349428575032256,0.8398363216574343,0.622843,0.680895,68.493,0.3285746150813616,10.42005301808809,helix
C_8EV2_2.01,0.930491528596074,0.9733246834688486,1.064417,0.043,15.36,0.126,13.226,0.9295333838430804,0.7146717784186357,0.665,0.223,0.958483794885588,0.7844138824363226,0.722762,0.914928,1802.861,0.9498515186308332,0.8331244445300351,0.793435,1.001061,63.62,0.9620066533426844,0.7372174119417103,0.675566,0.990086,68.792,0.3087944157912896,10.407827752211023,helix
C_8FHU_1.8,0.9050604773142936,1.414629570191776,1.305889,0.277,9.11,0.111,12.375,0.9398709789665016,0.7884403289624556,0.999,0.235,0.9374328329364262,1.957236965498503,1.938784,3.303161,2048.306,0.9478073668839316,0.5858275981548186,0.586893,1.978302,139.83,0.9359733638253974,1.8709031523184616,1.857016,3.181168,149.682,0.0473248247401768,25.52140275592429,loop
C_8FUA_1.9,0.7024858482600717,3.2923928920375345,3.390203,0.259,6.47,0.082,11.07,0.4126848895708399,6.2955948648790105,0.478,3.501,0.8209508883364899,2.805543410607501,3.071304,0.301212,2943.806,0.9502369986607248,0.6995872932838509,0.543856,0.219222,144.505,0.8355793290749385,2.71171028685152,2.969577,0.162157,153.99,0.8921638671357875,0.7570236706078162,loop
C_8GHO_1.6,0.3066175338862013,6.538425153641725,6.444468,0.29,11.49,0.214,9.23,0.9020353066437612,1.8807698650800448,0.523,9.0,0.929560268254757,1.2796198409401385,1.287228,1.371392,3221.208,0.9242935919274172,1.881936515473258,1.824055,2.85923,139.325,0.9267154084286112,1.3074761418392755,1.311567,2.065666,143.636,0.8883328852482734,1.3487685664486386,helix
C_8OIJ_2.0,0.6994710885714673,3.2798226086899427,3.346844,0.478,11.36,0.231,9.72,0.9180750624513596,0.8131281997024582,0.483,7.64,0.9327627744951462,0.584626134527082,0.568431,1.100852,1695.118,0.9434449148796036,0.6382423846623141,0.565342,0.962069,142.352,0.9338823975661408,0.4634048199704186,0.408204,1.037721,142.403,0.9204099473809024,0.8372245018230763,helix
C_8P9R_1.52,0.6549958704988594,3.873691625082426,3.790686,0.046,12.8,0.126,9.15,0.9191674798608996,0.8403442232187219,0.486,8.41,0.8651306968031549,1.6628178980129005,1.821393,0.824623,3002.833,0.8976933051376182,0.8643425372514283,1.37826,3.628272,62.575,0.8738517538440846,1.5680909223297024,1.711358,0.781665,63.531,0.5901110000184199,3.5585487568524865,loop
D_7UDL_2.15,0.7971163043655273,1.954807825186904,1.9993,0.281,7.8,0.134,9.7,0.0830797883015818,23.171677494778287,0.499,8.75,0.0396032400262485,23.914557942984512,23.809759,9.36248,3385.998,0.1231914063545387,16.688756447440827,16.615421,2.272768,141.588,0.0757049305414646,23.55257091795616,23.440526,2.817756,140.972,0.0676479345102235,23.683974652561844,loop
D_7UXM_1.2,0.3336032454395043,7.230893413578733,7.212263,0.091,18.56,0.167,8.714,0.4949293553529994,4.613758124642045,0.064,19.066,0.3707378399105859,7.282620288291989,7.328438,0.55279,1731.071,0.5101626752329453,5.008411736739779,4.911225,0.363996,62.607,0.2170530145398836,10.487448919145525,10.860852,0.490102,71.445,0.0249807179578325,33.57844595721397,helix
D_7XVZ_2.08,0.9655898001027602,0.9588260247975176,0.917936,0.438,5.3,0.137,10.837,0.8936113413730907,1.6618831494014266,0.665,0.222,0.8912205141733515,1.7433993858688164,1.693828,1.142916,1796.344,0.8973339502414053,1.5385004556758728,1.616734,1.072011,63.962,0.8828522434971274,1.7064099051753627,1.655752,1.105954,68.715,0.0249890264383068,32.23564701501371,helix
D_7XWR_2.16,0.9514932298757288,1.1357523372390146,1.05856,0.362,12.61,0.129,14.622,0.9278536531415804,1.653199153455697,0.659,0.467,0.9230622676882896,1.745939298280275,1.539045,1.119382,1789.169,0.9360317102499344,1.551230012548201,1.460233,1.082428,64.336,0.9098710723822492,1.7599904449160169,1.395003,1.093575,68.853,0.0252857828829439,32.15804895053006,helix
D_7YXW_2.5,0.7294854307736828,2.887581957930388,2.911334,0.017,15.79,0.273,4.169,0.8182398347645895,1.5608775645364623,0.076,17.088,0.864613401810958,1.566451233551089,1.282243,1.498487,1663.602,0.8930354628676674,1.5274611044178397,1.203721,1.297547,61.676,0.8979557358888619,1.430398050989891,1.134049,1.18007,65.867,0.8475875933021656,1.45426142117963,loop
D_7Z6U_2.28,0.8171773425367691,1.8617355792007573,1.813002,0.01,16.14,0.144,10.506,0.7554659195024414,1.3808280081560909,0.729,1.258,0.8403334633452836,0.7938239419426864,0.819474,0.925735,4102.717,0.7680494197134271,1.1290058823867666,1.224911,1.292101,139.907,0.8429799741980532,0.7808625002000124,0.808366,0.897232,150.342,0.0661871656560601,19.24002874933123,loop
D_8BYJ_2.07,0.2966995952443327,7.927828728918571,8.125101,0.483,8.95,0.216,6.361,0.1360357632835725,13.274119652779085,0.121,13.049,0.1260434875503959,13.958177559742255,14.041278,2.44918,3933.62,0.1266678822557393,13.52807410766588,13.605764,2.395926,317.665,0.1414889217095604,12.777594214831204,12.903791,2.47013,326.217,0.1374404274384036,11.71216309212725,loop
D_8DWL_2.0,0.419434266804834,6.993118410219766,7.093062,0.455,5.15,0.104,12.924,0.846852478770535,1.664368083777368,0.045,23.026,0.7389143317538127,3.273507344196575,2.978617,0.70256,2211.137,0.8487900554933425,1.8909538221599416,1.759468,0.644763,142.178,0.6875589993867558,3.766070013919293,3.845633,0.318883,152.149,0.0232059218848092,33.40564011452927,loop
D_8OIJ_2.0,0.6259614678010775,4.21692323239809,4.275519,0.241,8.64,0.204,9.12,0.908962042662767,1.1283536606059277,0.502,9.03,0.9201812773475372,1.1310260837125456,1.031108,1.072641,1706.13,0.9235325089627106,1.1005001182137653,1.021628,0.957922,142.099,0.9218008825694264,1.009703356764284,0.909117,1.041606,141.941,0.8973533042744517,1.3345064738475492,helix
E_7QPJ_1.54,0.930114789352706,1.3005170429720914,1.20185,0.435,12.35,0.233,10.53,0.9303073313059668,0.9624211574921676,0.452,7.69,0.9269325595773564,0.7333089743166502,0.554359,0.744607,5623.567,0.9394954144104458,1.230107367730496,1.171071,0.847861,321.381,0.9405976888597264,1.262996099170867,1.190078,0.939205,337.604,0.0197721391450894,34.84331869439088,loop
E_7TLT_2.3,0.8858580920961807,1.351927652198333,1.307308,0.01,11.83,0.122,11.493,0.8789609567907698,1.147455512139952,0.657,0.661,0.8869825068533035,1.41688386336706,1.280105,1.203394,2126.031,0.8960342137419168,1.4221604914149482,1.308505,1.053271,139.859,0.886886788612372,1.458589585814854,1.325079,1.13402,148.958,0.0117065611897519,50.08320009168355,loop
E_7TOW_2.15,0.2011739116343975,10.756357604808704,11.061139,0.137,11.88,0.244,10.78,0.3323350585320115,6.818123888174238,0.508,9.06,0.1401133667803478,13.121355055637116,13.301352,1.91034,3664.794,0.7197801216175371,3.841440754920959,3.928067,0.803432,144.215,0.2014326385607173,12.457774219703715,12.442403,1.013768,157.961,0.335172903281101,6.222315720960735,helix
E_7UXJ_2.07,0.543194180802522,4.1425131835660745,4.384124,0.071,9.98,0.133,13.252,0.2181444406695946,8.617137677702546,0.236,7.467,0.5563038728432907,4.510124838357892,4.645081,0.436064,1692.04,0.4800252071741495,5.348575633841611,5.519082,0.283848,61.452,0.5604986355365783,4.463149182198439,4.601864,0.302503,68.193,0.0294400950342889,29.479174958924443,helix
E_7XHG_2.46,0.5794753448953239,3.968309753510264,3.630842,0.184,8.42,0.187,7.751,0.8826183735792336,1.6581122846899103,0.863,2.432,0.9246854614027123,1.3711991277172,0.679044,0.536778,1571.13,0.90778634961631,1.3899511164173848,0.958718,0.859059,61.412,0.9236114799763192,1.481880974991954,0.806801,0.545683,61.854,0.0399037676889023,25.892839049451464,loop
E_7YX9_1.76,0.9168037790113496,1.4179199322440474,1.404567,0.463,8.5,0.208,9.68,0.9391495281262328,1.23281252191799,0.368,7.51,0.9761142633059386,0.6882152651312436,0.624525,1.228805,3483.897,0.9779895508241542,0.766631531342208,0.762081,0.519417,145.639,0.9340023850111208,1.5978078905438629,1.710626,1.216567,154.346,0.0374523028006074,24.49537899527982,loop
E_8FYU_1.85,0.7392846279570127,3.451262815148402,3.646749,0.381,14.53,0.199,7.161,0.8202671514193559,3.178325299428045,0.444,3.571,0.6598549476207947,5.867698385089242,6.198734,0.342031,2220.955,0.6700284295593573,5.675186611249869,5.965805,0.358676,63.77,0.6616577919392207,5.832703162169194,6.158312,0.313468,66.802,0.6691433905254106,5.68296871563196,loop
E_8G46_2.2,0.3103288152730472,8.074928046420757,7.940085,0.35,11.51,0.022,36.033,0.9325090133368816,0.9510689150647584,0.039,25.034,0.9054620362078044,1.58639991987469,1.556989,4.756566,5253.21,0.9419087473374552,1.455363563021239,1.419765,4.855669,613.793,0.9409088866505064,0.9388967315445012,0.721525,0.89848,623.099,0.0126004143727926,47.25425622435314,loop
E_8SV0_2.2,0.6630979541667316,3.433883274810744,3.269094,0.167,11.25,0.075,9.23,0.867521350394061,2.005909401677226,0.818,0.855,0.7719580508041064,3.5476902917698183,3.642489,0.385669,2950.715,0.8589696715466862,2.5147721271073395,2.765155,0.326927,143.24,0.8028347715615652,3.272673427414984,3.485844,0.324152,154.665,0.028720989661405,33.42009125853388,loop
F_7UFN_2.2,0.903500210096281,1.1518088958367558,0.756752,0.17,12.63,0.148,9.74,0.8081324722262501,4.43005798589749,0.409,7.55,0.8745212638566526,3.9462364485370016,3.849392,3.523201,3387.753,0.9411662945763034,0.7120205520921166,0.36281,0.946762,144.234,0.8702644808839065,4.360495458976812,4.268487,3.807944,153.884,0.7437678054736163,5.815865065566468,loop
F_7UWI_2.32,0.1512902038631087,12.982611408857212,13.144517,0.367,15.27,0.074,18.139,0.0092287456235186,56.12539525797196,0.033,29.106,0.8980665360488195,1.900592147585292,1.947168,1.465313,3566.318,0.923027569920344,1.638697795290437,1.606074,0.886586,314.191,0.8944797261162553,1.8539262866914368,1.906533,1.075981,322.521,0.8622123478474975,2.420104560533274,helix
F_7ZQJ_2.25,0.805208982639264,2.3684023183412592,2.501048,0.155,15.08,0.128,11.084,0.9455471148861202,1.3667141824696387,0.625,1.366,0.8986408746003822,2.727642536457972,2.617894,5.566485,2142.75,0.9527248730939144,1.1439291708897268,0.900575,0.871901,140.986,0.9418054401011012,0.785605593556041,0.367992,0.76676,150.52,0.023767002622853,32.59764935860556,loop
F_8DUZ_1.65,0.3004209334841057,7.63172637593969,7.723785,0.468,11.95,0.131,9.39,0.8629949365475094,3.2972533191248963,0.369,8.92,0.8459931579797795,3.7080943912863287,3.747101,2.00493,3319.561,0.950015350785664,1.4544180746547974,1.492627,0.819013,143.072,0.9106822365022896,2.6180424295012608,2.648478,1.727435,152.753,0.1393698703392598,14.166366467754614,strand
G_7YXB_2.1,0.9255315836276526,1.421279441553155,1.416906,0.217,7.92,0.168,11.01,0.0729919473283847,27.03685973654588,0.354,7.61,0.9625878409836442,0.7285174958696794,0.747755,0.797082,3412.602,0.0708583693443102,26.43458233929491,26.439706,0.734294,143.05,0.9626831101259375,0.678439647144614,0.66731,1.071638,154.535,0.0392111791951306,26.98998928277621,loop
G_7Z0Q_2.1,0.822690124591985,2.8788455099732806,2.693936,0.01,19.99,0.215,10.22,0.8268555485712926,3.061455656993123,0.404,8.29,0.8002167332343273,3.5456850373607627,3.12556,1.363703,3338.826,0.7957483213057182,3.4712584470116967,3.137023,1.335342,142.418,0.8015007258701355,3.483102291103849,3.088321,1.267606,152.313,0.0353477933013326,25.62414362204135,loop
G_8DTR_1.5,0.6893604803396084,2.959266178825195,3.138257,0.252,14.0,0.128,9.28,0.7838142455020641,2.417193633755819,0.541,9.19,0.9161884048183394,1.4209914707694742,1.449925,1.312306,3422.918,0.9035245677246636,1.0306075705648166,1.001504,0.985259,143.506,0.9081548071292735,1.1312569858623358,1.101892,1.12767,153.403,0.1374643991927541,13.9983512634194,helix
G_8DTT_1.75,0.7029011436989538,3.326034975226269,3.268643,0.19,9.88,0.236,9.98,0.7967416053992452,2.3717946496013025,0.37,8.54,0.7654888193442706,2.8480230813447043,2.73629,0.988972,3344.674,0.7890246164985073,2.6703085895933287,2.550271,0.842142,145.512,0.8074075613346313,2.6356677064051866,2.459978,0.930397,153.265,0.6906191844914087,3.417873678708696,helix
H_8D6Z_2.3,0.2350360916836179,10.313299714493736,10.707126,0.222,7.68,0.164,9.19,0.1923214050794769,10.596244569455685,0.495,8.57,0.3466347260631179,6.993753742734878,7.080782,1.016255,3474.966,0.2801601416345937,9.191852093186094,9.157844,0.794997,143.627,0.264278575218111,8.50104901781528,8.415308,0.918401,153.334,0.0169424069174319,41.16692116997647,helix
I_7UGB_1.9,0.1254747388592519,14.286951327578851,14.168902,0.414,10.81,0.064,18.814,0.3609772310710075,8.16445041238156,0.551,2.203,0.357713888893952,8.24238125645017,7.972387,5.983357,5983.29,0.3456358414948994,8.68121796072109,8.426265,1.300841,143.061,0.2879365734088082,8.715039926360404,8.460462,2.240382,156.127,0.0186961360308861,36.41259105664066,loop
I_7UJX_2.4,0.8693456025575985,1.254265114187149,1.238923,0.447,7.39,0.094,14.279,0.832319513694988,1.83926513112338,0.993,0.51,0.8811910529361735,0.7852862925389583,0.643618,0.595836,5512.036,0.8906120031088531,0.7599111796160711,0.612975,0.53585,143.532,0.8810397464137835,1.0008057497770713,0.860116,0.58113,156.217,0.0468158946823264,27.53645791854565,loop
I_7UKG_2.24,0.3877931283339387,4.807362998885883,5.0244,0.269,17.95,0.078,15.806,0.01586542621298,43.60317207182138,0.017,40.979,0.0354311725352015,26.544064694377926,26.379259,1.384751,2297.288,0.0304985214857457,29.05600346685745,29.003438,0.450027,139.8,0.0508392995853247,24.63422744414164,24.423661,0.651245,150.498,0.0392976370365282,25.217192587005176,helix
I_7V0G_1.63,0.8902940356336412,0.8313405285394297,0.72952,0.445,7.37,0.126,11.257,0.7895930339454419,2.042374564321543,0.986,0.658,0.8392885277834985,1.0034508266826117,0.846323,0.595144,5469.031,0.9051455042762644,0.8065625791394649,0.66617,0.523519,141.735,0.8597113682834235,0.9795642215167268,0.835354,0.517839,156.055,0.0584826329155427,31.1549265113766,loop
I_8DTX_1.6,0.2213058095813223,9.941386961752736,9.852195,0.265,18.41,0.25,10.39,0.8320733193476508,1.2065512747062512,0.504,7.93,0.8960734826892643,0.625357951339851,0.521383,0.775163,3353.517,0.9758571210691348,0.6788774244995316,0.632201,0.455625,144.055,0.9743395570681894,0.5698975956821635,0.541745,0.43403,154.293,0.8735591617762375,1.1866197803875045,helix
J_8BEL_2.25,0.3560980982771483,5.606847579998108,5.83971,0.476,10.18,0.208,9.33,0.5745537118068065,5.485522450203632,0.394,8.13,0.5477905565659722,6.907090237676719,6.651906,3.625623,6897.849,0.6773599167320282,4.70814099664476,4.713454,1.699401,1056.613,0.7013477187410703,3.718868624660175,3.683431,2.109455,1090.354,0.1268980144153046,10.955543899321135,helix
L_8FAX_2.1,0.8057259293307778,2.8921734760589475,2.410478,0.189,8.17,0.099,9.48,0.9610420833605484,1.26354865092931,0.392,9.18,0.9108347155922744,2.142918747724066,2.047329,1.640723,3343.814,0.92330147854761,1.8053649907743128,1.731569,1.243847,145.687,0.948090629636574,2.0516535208800257,1.951647,1.555144,154.704,0.0199509211837133,37.31859449819403,helix
M_7QRD_2.0,0.7546299254641804,2.8988659482913883,3.016187,0.082,14.43,0.187,9.48,0.2613280670051039,9.217541200514528,0.449,8.18,0.3253542400982721,8.676211773963532,8.939159,0.61904,5164.497,0.2110600259006509,10.221938760485312,10.549166,0.385675,321.979,0.3360678362176683,8.53751436737773,8.784457,0.549858,338.487,0.0175247688794794,37.95037278171103,loop
P_7TUC_1.25,0.9440357545011168,1.0504382841011055,1.025116,0.196,14.2,0.099,13.582,0.9600767560452232,0.8495077372006458,0.661,0.46,0.989147440027806,0.3761864828898175,0.380636,0.443406,2099.664,0.9894865990881077,0.4400662400195199,0.417851,0.166003,139.985,0.9846428319078804,0.352696703756467,0.361157,0.322643,149.213,0.0140765318962119,44.308750459655336,loop
P_7UYM_2.2,0.7856600418859306,2.198463735850915,2.278139,0.375,13.67,0.259,10.59,0.4606938622916741,5.798166629814104,0.525,9.25,0.5336443681142231,5.269704624997192,5.299502,1.359074,3304.474,0.8596823661743818,2.2852758966407296,1.902953,0.305681,144.721,0.856733656328375,2.2465790915848243,1.909231,0.393714,155.414,0.1536457251518452,9.958714059444294,loop
P_8ACK_1.78,0.358201542928305,6.993565463034016,7.192066,0.432,10.14,0.224,9.53,0.4804636048505163,4.987426822712968,0.339,5.138,0.4401007997244012,7.32125162700189,7.559555,3.328637,3282.356,0.201811806125667,10.91534959453124,10.928284,3.223356,144.148,0.4348594384543041,7.418125194908419,7.658665,3.464275,155.931,0.0125378633944701,46.28636558892288,strand
P_8D5E_2.46,0.9612504247828464,0.8921119813864011,0.860902,0.01,7.79,0.097,13.725,0.8184424147024422,3.1624699439964714,0.989,0.71,0.9515606455138352,2.000818037252387,1.888666,2.510085,2115.381,0.3965155657717982,7.113283484491915,7.326,0.95101,141.339,0.9350397746689276,1.4287492769094323,1.361663,1.772927,151.304,0.0404418738726268,26.086011852661,loop
P_8D5F_2.31,0.9619665776616324,0.8091134588542549,0.717868,0.01,19.74,0.114,12.182,0.9515494634929134,0.7911011114616603,0.996,0.453,0.9616597010406872,1.330822109652021,1.269546,2.024973,2124.464,0.3945581524004147,7.060884394066939,7.185445,1.267584,141.193,0.9686212259153424,0.9501727856114104,0.885,1.255867,149.825,0.0197822016791981,36.563851466112204,loop
P_8E3X_2.3,0.4136747338168979,4.236698286430576,4.643011,0.333,13.89,0.066,17.59,0.5859230639365341,3.766684997799058,0.338,5.219,0.3604450594881697,6.591053145200825,6.594159,5.201267,2543.67,0.6368212314054257,2.510532867148286,2.389323,3.023233,143.995,0.4170647105501148,5.749309701072424,5.680804,4.79835,152.017,0.0217327871949546,33.80935549234665,helix
P_8E3Y_2.3,0.4300198035073814,4.567710807835387,5.026775,0.364,11.58,0.22,10.39,0.651676529225082,1.4253354967166512,0.034,26.878,0.4725478282257708,4.48291555835064,4.685817,4.250568,2655.848,0.767185688251594,0.9268736489058584,0.805794,1.816171,144.611,0.7163286643975387,0.9632665476221728,0.921356,3.77001,152.823,0.0111876204848584,48.83004959170013,helix
Q_7ZYV_2.13,0.4598876097474083,5.176301509138945,5.133419,0.117,9.7,0.225,10.08,0.365822926196436,6.723535024610452,0.422,8.15,0.007765005076749,60.4221095097496,60.549462,1.491439,7238.58,0.5342164676564493,4.466545903441658,4.437565,1.220652,146.345,0.5202244227064025,4.637565831573916,4.670771,0.992555,159.783,0.1471955776588036,10.674357637056763,loop
R_7YXC_2.25,0.9241327908517544,1.0955041566563104,0.902648,0.276,8.95,0.132,11.956,0.968888916463996,0.7638452151803532,0.641,0.853,0.9511598512856844,0.9949327472022336,0.896383,1.094976,1823.793,0.9597729641460652,0.7993776407373767,0.453467,0.535811,65.689,0.9602397336111688,0.7580336683274677,0.432271,0.498269,66.286,0.0238357233152855,33.87749385259743,helix
R_7YXN_2.46,0.93593243694683,1.1987732931707824,0.878379,0.112,11.93,0.135,11.589,0.9699717872194632,0.5617750872003544,0.656,0.544,0.9538817589721426,0.7024132333818047,0.478635,1.218524,1800.702,0.9425240051058416,0.6679812708507089,0.767799,1.155879,65.241,0.9475911771506292,0.727921327405736,0.55803,1.083944,67.214,0.0319714739334814,28.376325632095654,helix
R_7YXR_2.5,0.9435720973434268,1.2808282824937705,1.350022,0.206,7.6,0.134,11.2,0.9445549621714396,1.0420613240619154,0.58,1.838,0.9390830398959876,1.137071290465524,1.075246,1.000129,1821.174,0.9316168689446206,1.0532607424043552,0.989724,0.900259,65.937,0.9420587039287708,1.1383116792003438,1.080004,1.005035,66.022,0.0240807513829678,33.705734753185176,helix
U_7QPI_2.5,0.9293244496538074,1.2572433131584957,1.232486,0.379,9.59,0.142,10.624,0.8747234605793676,0.885839643237613,0.628,1.151,0.8565273337391308,0.9905916611509736,0.485467,1.534125,1802.607,0.939630577962034,1.0634996423940413,0.879524,0.810055,65.772,0.926366917085244,1.09583631715743,0.71528,1.425821,69.171,0.0172723342019122,42.77600976854608,helix
U_7Y6C_1.4,0.1020818445322025,15.76219337670008,15.982201,0.056,16.54,0.094,10.07,0.9336216362702908,0.8484626212088281,0.443,8.06,0.944398025271348,0.5585827948645291,0.5618,0.478058,2844.664,0.6929711158955647,1.985425295682597,2.138536,1.356336,64.023,0.9486131652596886,0.5589638960480121,0.591667,0.469602,62.39,0.0422542219394146,23.64992859004976,helix
W_8BED_2.03,0.5282942261664325,5.202600254484192,5.34491,0.294,8.95,0.244,10.46,0.5242400228206339,6.131199155824161,0.377,9.19,0.936741704578768,0.9708171488404742,0.727698,1.001651,6691.531,0.0056301437848021,72.49066471024709,72.863585,0.424498,613.528,0.9692624303895347,0.9441895806432368,0.577365,0.366375,642.242,0.0108462673462115,50.33063725878106,helix
X_8ESE_1.35,0.2846436620645746,9.371078932616465,9.393006,0.383,5.87,0.118,11.927,0.8970075460075702,1.2553679537551488,0.091,15.013,0.8970829832709019,1.2230270587197476,0.996153,0.493224,1648.211,0.919350750201008,1.02516779727922,0.954176,0.313934,62.448,0.915855192394586,1.1846540110664685,1.072134,0.490352,63.039,0.8843697180884833,1.9756470340641263,loop
Y_7YQ7_1.9,0.9218205195555692,0.7232550679306683,0.693584,0.291,9.68,0.217,10.35,0.0108870306528427,50.80415232889688,0.517,8.48,0.0127627656613847,45.895012184183095,46.000971,13.95231,7360.348,0.220098174268155,8.73590883531183,9.020768,9.797612,317.295,0.0300194536066101,29.72255554919303,29.870798,1.107565,330.703,0.0315765222104602,31.12235771895391,helix
Y_8EZ5_2.09,0.886924729750457,1.2431032797936077,1.241368,0.324,10.64,0.127,10.87,0.0131054621250307,46.24695115374125,0.368,8.84,0.0439389507162631,63.63180132358824,63.779305,13.955616,6903.611,0.1591946087416502,12.203289588595805,12.266893,4.288874,316.538,0.0315202677456465,28.889947454506625,28.994597,1.038437,330.452,0.0234151506025611,32.88362111470908,helix
Y_8F4C_2.0,0.8106341195976929,1.4087488523283849,1.481097,0.18,13.34,0.185,9.71,0.0130352118391525,46.32700265620044,0.487,7.94,0.036631278277517,63.71630004099698,63.877912,13.974625,6920.514,0.2083272825514092,8.875384478133514,9.098543,3.210142,316.177,0.0311233568716668,29.07241678106193,29.158979,1.03214,329.828,0.0234662144081897,32.93324482537379,helix
Y_8F4E_2.09,0.8837148112212008,1.3467185836747106,1.339995,0.019,9.2,0.193,9.78,0.0130728177422404,46.281355106061646,0.388,7.87,0.0389372879300217,63.67932677650959,63.810755,13.966775,6894.434,0.1640644885683526,11.752093958968684,11.699684,3.262428,318.753,0.0309349843889983,29.17720521454037,29.265322,1.08109,330.469,0.0234006009881514,32.8897816763091,helix
Y_8F4F_2.03,0.7804271128671658,1.6086692757881984,1.601933,0.137,10.54,0.188,9.32,0.0105174016328682,51.72671054077866,0.528,7.48,0.0462891693384447,23.530154385784144,23.666613,3.571207,7025.931,0.3449462715307718,4.529752263098934,5.008676,2.268476,318.373,0.0169130946002546,39.70962947488187,39.430156,1.188461,331.866,0.0431234014650301,22.8584802266592,helix
Y_8F4G_2.03,0.8696727573775661,1.1327760030389462,1.192891,0.292,12.85,0.196,9.18,0.0129797757562671,46.44233067481967,0.374,7.97,0.0438848132728354,63.83919895492125,64.005794,13.985271,6772.302,0.0360843673357455,26.63050263530686,26.722913,3.736466,317.195,0.0305858178812156,29.34510291597864,29.421311,1.104612,330.392,0.0231275776766232,33.04968973325045,helix
Y_8F4H_2.1,0.8513360891450811,1.341500119652189,1.358568,0.401,12.79,0.174,9.65,0.0129977537035705,46.46578083796349,0.497,8.17,0.0383048014448233,63.84584596072772,64.002274,13.99036,6879.106,0.1531585885190679,10.093658177400258,10.322836,9.450591,318.481,0.3507556185605995,5.836978270107032,5.783024,1.204992,330.112,0.0231705383000274,33.06685776740744,helix
Y_8F4I_2.0,0.7603947351016848,1.593620234063576,1.589228,0.153,14.41,0.25,9.65,0.0120042751986234,47.63632827762575,0.371,9.31,0.0383210326492607,63.70059303226334,63.85858,13.973418,6995.082,0.1546575329840185,12.156784247817123,12.214416,4.387001,316.579,0.3259495059925643,6.338091351309088,6.536261,1.169404,329.7,0.0233427363997646,32.93073440160676,helix
Y_8F4J_2.0,0.8708014846178745,1.1077315963698031,1.137396,0.214,14.33,0.135,10.64,0.013009329870868,46.33401437528741,0.42,8.21,0.0366285878667255,63.72485681948429,63.87801,13.977196,7092.992,0.1564069066167952,11.966209402412456,11.997063,4.157825,316.931,0.3339037954713862,6.1954911530362935,6.374612,1.199131,329.424,0.0234726772555486,32.92703088197516,helix
Y_8F4K_2.16,0.7056378853384863,1.736608045877694,1.729049,0.292,12.37,0.186,10.36,0.013057546993778,46.2731148297915,0.493,8.53,0.0395611396238048,63.66455472291572,63.792059,13.968058,6752.955,0.1681715574924761,11.653930930327068,11.573726,2.701459,317.102,0.0330802150947769,28.16687006127671,28.10264,1.053727,330.96,0.0234052750315555,32.90157991991953,helix
Z_8BEE_2.04,0.4293600153758001,6.302296711765888,6.252705,0.254,14.15,0.247,10.49,0.6130424319991589,3.866747903153183,0.406,7.44,0.0696831157471198,40.461398049542,40.297013,0.972975,4944.461,0.0275669354547034,31.567248307799545,31.846901,1.342027,316.731,0.0713264980665371,33.85760469321576,33.605029,0.417172,337.997,0.0124112885489424,45.09451317659676,loop
e_7YK5_2.0,0.6148616983933771,4.5870950693955255,4.35769,0.129,11.86,0.115,12.801,0.0289322797791264,31.45285246473526,0.013,47.051,0.0194058081058214,38.9939878345314,38.790295,3.574287,3270.902,0.7440126370672372,2.9983517039317413,3.081425,1.043859,145.712,0.0166514887594901,42.29248960098359,42.764193,1.784552,163.446,0.0608622661039003,32.316131105751154,loop
i_8BEH_2.29,0.3677324990000194,5.3260282237152285,5.496615,0.264,7.71,0.162,9.13,0.0435845589993655,24.35347507126806,0.496,9.13,0.0199765721999612,36.49341636052674,36.190249,11.842043,2953.703,0.0226587699089189,32.802844204905696,32.906185,13.904814,62.707,0.0243102595517259,32.808272839691405,32.690467,4.501003,63.634,0.0247722588655027,31.56547454011595,helix
v_8BEF_2.13,0.0416192011035818,24.08180851067742,24.09519,0.215,9.1,0.073,9.54,0.0051738287495013,73.33843373067744,0.444,8.6,0.0216450695970773,33.10027815229698,32.984765,16.372344,11184.371,0.0358498060926016,26.214558766560064,26.229156,1.212853,1060.089,0.0269360324334056,30.761400561093843,30.767776,0.823201,1098.507,0.1843577927395924,35.46568414660571,helix
